Subject,Start Date,Start Time,End Date,End Time,All day event,Description,Show time as,Location
הדלקת נרות,05/01/2024,16:33,05/01/2024,16:33,FALSE,,4,Ashdod
הבדלה,06/01/2024,17:31,06/01/2024,17:31,FALSE,,4,Ashdod
הדלקת נרות,12/01/2024,16:38,12/01/2024,16:38,FALSE,,4,Ashdod
הבדלה,13/01/2024,17:37,13/01/2024,17:37,FALSE,,4,Ashdod
הדלקת נרות,19/01/2024,16:45,19/01/2024,16:45,FALSE,,4,Ashdod
הבדלה,20/01/2024,17:43,20/01/2024,17:43,FALSE,,4,Ashdod
הדלקת נרות,26/01/2024,16:51,26/01/2024,16:51,FALSE,,4,Ashdod
הבדלה,27/01/2024,17:49,27/01/2024,17:49,FALSE,,4,Ashdod
הדלקת נרות,02/02/2024,16:57,02/02/2024,16:57,FALSE,,4,Ashdod
הבדלה,03/02/2024,17:55,03/02/2024,17:55,FALSE,,4,Ashdod
הדלקת נרות,09/02/2024,17:04,09/02/2024,17:04,FALSE,,4,Ashdod
הבדלה,10/02/2024,18:00,10/02/2024,18:00,FALSE,,4,Ashdod
הדלקת נרות,16/02/2024,17:10,16/02/2024,17:10,FALSE,,4,Ashdod
הבדלה,17/02/2024,18:06,17/02/2024,18:06,FALSE,,4,Ashdod
הדלקת נרות,23/02/2024,17:16,23/02/2024,17:16,FALSE,,4,Ashdod
הבדלה,24/02/2024,18:11,24/02/2024,18:11,FALSE,,4,Ashdod
הדלקת נרות,01/03/2024,17:21,01/03/2024,17:21,FALSE,,4,Ashdod
הבדלה,02/03/2024,18:17,02/03/2024,18:17,FALSE,,4,Ashdod
הדלקת נרות,08/03/2024,17:26,08/03/2024,17:26,FALSE,,4,Ashdod
הבדלה,09/03/2024,18:22,09/03/2024,18:22,FALSE,,4,Ashdod
הדלקת נרות,15/03/2024,17:31,15/03/2024,17:31,FALSE,,4,Ashdod
הבדלה,16/03/2024,18:26,16/03/2024,18:26,FALSE,,4,Ashdod
הדלקת נרות,22/03/2024,17:36,22/03/2024,17:36,FALSE,,4,Ashdod
הבדלה,23/03/2024,18:31,23/03/2024,18:31,FALSE,,4,Ashdod
הדלקת נרות,29/03/2024,18:41,29/03/2024,18:41,FALSE,,4,Ashdod
הבדלה,30/03/2024,19:36,30/03/2024,19:36,FALSE,,4,Ashdod
הדלקת נרות,05/04/2024,18:45,05/04/2024,18:45,FALSE,,4,Ashdod
הבדלה,06/04/2024,19:41,06/04/2024,19:41,FALSE,,4,Ashdod
הדלקת נרות,12/04/2024,18:50,12/04/2024,18:50,FALSE,,4,Ashdod
הבדלה,13/04/2024,19:47,13/04/2024,19:47,FALSE,,4,Ashdod
הדלקת נרות,19/04/2024,18:55,19/04/2024,18:55,FALSE,,4,Ashdod
הבדלה,20/04/2024,19:52,20/04/2024,19:52,FALSE,,4,Ashdod
הדלקת נרות,26/04/2024,19:00,26/04/2024,19:00,FALSE,,4,Ashdod
הבדלה,27/04/2024,19:57,27/04/2024,19:57,FALSE,,4,Ashdod
הדלקת נרות,03/05/2024,19:05,03/05/2024,19:05,FALSE,,4,Ashdod
הבדלה,04/05/2024,20:03,04/05/2024,20:03,FALSE,,4,Ashdod
הדלקת נרות,10/05/2024,19:10,10/05/2024,19:10,FALSE,,4,Ashdod
הבדלה,11/05/2024,20:09,11/05/2024,20:09,FALSE,,4,Ashdod
הדלקת נרות,17/05/2024,19:14,17/05/2024,19:14,FALSE,,4,Ashdod
הבדלה,18/05/2024,20:14,18/05/2024,20:14,FALSE,,4,Ashdod
הדלקת נרות,24/05/2024,19:19,24/05/2024,19:19,FALSE,,4,Ashdod
הבדלה,25/05/2024,20:19,25/05/2024,20:19,FALSE,,4,Ashdod
הדלקת נרות,31/05/2024,19:23,31/05/2024,19:23,FALSE,,4,Ashdod
הבדלה,01/06/2024,20:24,01/06/2024,20:24,FALSE,,4,Ashdod
הדלקת נרות,07/06/2024,19:27,07/06/2024,19:27,FALSE,,4,Ashdod
הבדלה,08/06/2024,20:28,08/06/2024,20:28,FALSE,,4,Ashdod
הדלקת נרות,14/06/2024,19:30,14/06/2024,19:30,FALSE,,4,Ashdod
הבדלה,15/06/2024,20:31,15/06/2024,20:31,FALSE,,4,Ashdod
הדלקת נרות,21/06/2024,19:32,21/06/2024,19:32,FALSE,,4,Ashdod
הבדלה,22/06/2024,20:33,22/06/2024,20:33,FALSE,,4,Ashdod
הדלקת נרות,28/06/2024,19:32,28/06/2024,19:32,FALSE,,4,Ashdod
הבדלה,29/06/2024,20:33,29/06/2024,20:33,FALSE,,4,Ashdod
הדלקת נרות,05/07/2024,19:32,05/07/2024,19:32,FALSE,,4,Ashdod
הבדלה,06/07/2024,20:32,06/07/2024,20:32,FALSE,,4,Ashdod
הדלקת נרות,12/07/2024,19:31,12/07/2024,19:31,FALSE,,4,Ashdod
הבדלה,13/07/2024,20:30,13/07/2024,20:30,FALSE,,4,Ashdod
הדלקת נרות,19/07/2024,19:28,19/07/2024,19:28,FALSE,,4,Ashdod
הבדלה,20/07/2024,20:26,20/07/2024,20:26,FALSE,,4,Ashdod
הדלקת נרות,26/07/2024,19:24,26/07/2024,19:24,FALSE,,4,Ashdod
הבדלה,27/07/2024,20:22,27/07/2024,20:22,FALSE,,4,Ashdod
הדלקת נרות,02/08/2024,19:18,02/08/2024,19:18,FALSE,,4,Ashdod
הבדלה,03/08/2024,20:15,03/08/2024,20:15,FALSE,,4,Ashdod
הדלקת נרות,09/08/2024,19:12,09/08/2024,19:12,FALSE,,4,Ashdod
הבדלה,10/08/2024,20:08,10/08/2024,20:08,FALSE,,4,Ashdod
תחילת הַצוֹם,12/08/2024,19:28,12/08/2024,19:28,FALSE,עֶרֶב תִּשְׁעָה בְּאָב,4,Ashdod
סִיּוּם הַצוֹם,13/08/2024,19:58,13/08/2024,19:58,FALSE,תִּשְׁעָה בְּאָב,4,Ashdod
הדלקת נרות,16/08/2024,19:05,16/08/2024,19:05,FALSE,,4,Ashdod
הבדלה,17/08/2024,20:01,17/08/2024,20:01,FALSE,,4,Ashdod
הדלקת נרות,23/08/2024,18:57,23/08/2024,18:57,FALSE,,4,Ashdod
הבדלה,24/08/2024,19:52,24/08/2024,19:52,FALSE,,4,Ashdod
הדלקת נרות,30/08/2024,18:49,30/08/2024,18:49,FALSE,,4,Ashdod
הבדלה,31/08/2024,19:43,31/08/2024,19:43,FALSE,,4,Ashdod
הדלקת נרות,06/09/2024,18:40,06/09/2024,18:40,FALSE,,4,Ashdod
הבדלה,07/09/2024,19:34,07/09/2024,19:34,FALSE,,4,Ashdod
הדלקת נרות,13/09/2024,18:31,13/09/2024,18:31,FALSE,,4,Ashdod
הבדלה,14/09/2024,19:25,14/09/2024,19:25,FALSE,,4,Ashdod
הדלקת נרות,20/09/2024,18:22,20/09/2024,18:22,FALSE,,4,Ashdod
הבדלה,21/09/2024,19:15,21/09/2024,19:15,FALSE,,4,Ashdod
הדלקת נרות,27/09/2024,18:13,27/09/2024,18:13,FALSE,,4,Ashdod
הבדלה,28/09/2024,19:06,28/09/2024,19:06,FALSE,,4,Ashdod
הדלקת נרות,04/10/2024,18:04,04/10/2024,18:04,FALSE,,4,Ashdod
הבדלה,05/10/2024,18:57,05/10/2024,18:57,FALSE,,4,Ashdod
הדלקת נרות,11/10/2024,17:55,11/10/2024,17:55,FALSE,,4,Ashdod
הבדלה,12/10/2024,18:49,12/10/2024,18:49,FALSE,,4,Ashdod
הדלקת נרות,18/10/2024,17:47,18/10/2024,17:47,FALSE,,4,Ashdod
הבדלה,19/10/2024,18:41,19/10/2024,18:41,FALSE,,4,Ashdod
הדלקת נרות,25/10/2024,17:40,25/10/2024,17:40,FALSE,,4,Ashdod
הבדלה,26/10/2024,18:34,26/10/2024,18:34,FALSE,,4,Ashdod
הדלקת נרות,01/11/2024,16:33,01/11/2024,16:33,FALSE,,4,Ashdod
הבדלה,02/11/2024,17:28,02/11/2024,17:28,FALSE,,4,Ashdod
הדלקת נרות,08/11/2024,16:28,08/11/2024,16:28,FALSE,,4,Ashdod
הבדלה,09/11/2024,17:23,09/11/2024,17:23,FALSE,,4,Ashdod
הדלקת נרות,15/11/2024,16:23,15/11/2024,16:23,FALSE,,4,Ashdod
הבדלה,16/11/2024,17:20,16/11/2024,17:20,FALSE,,4,Ashdod
הדלקת נרות,22/11/2024,16:20,22/11/2024,16:20,FALSE,,4,Ashdod
הבדלה,23/11/2024,17:17,23/11/2024,17:17,FALSE,,4,Ashdod
הדלקת נרות,29/11/2024,16:19,29/11/2024,16:19,FALSE,,4,Ashdod
הבדלה,30/11/2024,17:16,30/11/2024,17:16,FALSE,,4,Ashdod
הדלקת נרות,06/12/2024,16:19,06/12/2024,16:19,FALSE,,4,Ashdod
הבדלה,07/12/2024,17:17,07/12/2024,17:17,FALSE,,4,Ashdod
הדלקת נרות,13/12/2024,16:20,13/12/2024,16:20,FALSE,,4,Ashdod
הבדלה,14/12/2024,17:19,14/12/2024,17:19,FALSE,,4,Ashdod
הדלקת נרות,20/12/2024,16:23,20/12/2024,16:23,FALSE,,4,Ashdod
הבדלה,21/12/2024,17:22,21/12/2024,17:22,FALSE,,4,Ashdod
הדלקת נרות,27/12/2024,16:27,27/12/2024,16:27,FALSE,,4,Ashdod
הבדלה,28/12/2024,17:26,28/12/2024,17:26,FALSE,,4,Ashdod
הדלקת נרות,03/01/2025,16:32,03/01/2025,16:32,FALSE,,4,Ashdod
הבדלה,04/01/2025,17:30,04/01/2025,17:30,FALSE,,4,Ashdod
הדלקת נרות,10/01/2025,16:37,10/01/2025,16:37,FALSE,,4,Ashdod
הבדלה,11/01/2025,17:36,11/01/2025,17:36,FALSE,,4,Ashdod
הדלקת נרות,17/01/2025,16:43,17/01/2025,16:43,FALSE,,4,Ashdod
הבדלה,18/01/2025,17:42,18/01/2025,17:42,FALSE,,4,Ashdod
הדלקת נרות,24/01/2025,16:50,24/01/2025,16:50,FALSE,,4,Ashdod
הבדלה,25/01/2025,17:48,25/01/2025,17:48,FALSE,,4,Ashdod
הדלקת נרות,31/01/2025,16:56,31/01/2025,16:56,FALSE,,4,Ashdod
הבדלה,01/02/2025,17:54,01/02/2025,17:54,FALSE,,4,Ashdod
הדלקת נרות,07/02/2025,17:03,07/02/2025,17:03,FALSE,,4,Ashdod
הבדלה,08/02/2025,17:59,08/02/2025,17:59,FALSE,,4,Ashdod
הדלקת נרות,14/02/2025,17:09,14/02/2025,17:09,FALSE,,4,Ashdod
הבדלה,15/02/2025,18:05,15/02/2025,18:05,FALSE,,4,Ashdod
הדלקת נרות,21/02/2025,17:15,21/02/2025,17:15,FALSE,,4,Ashdod
הבדלה,22/02/2025,18:10,22/02/2025,18:10,FALSE,,4,Ashdod
הדלקת נרות,28/02/2025,17:20,28/02/2025,17:20,FALSE,,4,Ashdod
הבדלה,01/03/2025,18:16,01/03/2025,18:16,FALSE,,4,Ashdod
הדלקת נרות,07/03/2025,17:25,07/03/2025,17:25,FALSE,,4,Ashdod
הבדלה,08/03/2025,18:21,08/03/2025,18:21,FALSE,,4,Ashdod
הדלקת נרות,14/03/2025,17:30,14/03/2025,17:30,FALSE,,4,Ashdod
הבדלה,15/03/2025,18:26,15/03/2025,18:26,FALSE,,4,Ashdod
הדלקת נרות,21/03/2025,17:35,21/03/2025,17:35,FALSE,,4,Ashdod
הבדלה,22/03/2025,18:30,22/03/2025,18:30,FALSE,,4,Ashdod
הדלקת נרות,28/03/2025,18:40,28/03/2025,18:40,FALSE,,4,Ashdod
הבדלה,29/03/2025,19:35,29/03/2025,19:35,FALSE,,4,Ashdod
הדלקת נרות,04/04/2025,18:45,04/04/2025,18:45,FALSE,,4,Ashdod
הבדלה,05/04/2025,19:40,05/04/2025,19:40,FALSE,,4,Ashdod
הדלקת נרות,11/04/2025,18:49,11/04/2025,18:49,FALSE,,4,Ashdod
הבדלה,12/04/2025,19:46,12/04/2025,19:46,FALSE,,4,Ashdod
הדלקת נרות,18/04/2025,18:54,18/04/2025,18:54,FALSE,,4,Ashdod
הבדלה,19/04/2025,19:51,19/04/2025,19:51,FALSE,,4,Ashdod
הדלקת נרות,25/04/2025,18:59,25/04/2025,18:59,FALSE,,4,Ashdod
הבדלה,26/04/2025,19:56,26/04/2025,19:56,FALSE,,4,Ashdod
הדלקת נרות,02/05/2025,19:04,02/05/2025,19:04,FALSE,,4,Ashdod
הבדלה,03/05/2025,20:02,03/05/2025,20:02,FALSE,,4,Ashdod
הדלקת נרות,09/05/2025,19:09,09/05/2025,19:09,FALSE,,4,Ashdod
הבדלה,10/05/2025,20:08,10/05/2025,20:08,FALSE,,4,Ashdod
הדלקת נרות,16/05/2025,19:14,16/05/2025,19:14,FALSE,,4,Ashdod
הבדלה,17/05/2025,20:13,17/05/2025,20:13,FALSE,,4,Ashdod
הדלקת נרות,23/05/2025,19:18,23/05/2025,19:18,FALSE,,4,Ashdod
הבדלה,24/05/2025,20:18,24/05/2025,20:18,FALSE,,4,Ashdod
הדלקת נרות,30/05/2025,19:23,30/05/2025,19:23,FALSE,,4,Ashdod
הבדלה,31/05/2025,20:23,31/05/2025,20:23,FALSE,,4,Ashdod
הדלקת נרות,06/06/2025,19:26,06/06/2025,19:26,FALSE,,4,Ashdod
הבדלה,07/06/2025,20:27,07/06/2025,20:27,FALSE,,4,Ashdod
הדלקת נרות,13/06/2025,19:29,13/06/2025,19:29,FALSE,,4,Ashdod
הבדלה,14/06/2025,20:30,14/06/2025,20:30,FALSE,,4,Ashdod
הדלקת נרות,20/06/2025,19:31,20/06/2025,19:31,FALSE,,4,Ashdod
הבדלה,21/06/2025,20:32,21/06/2025,20:32,FALSE,,4,Ashdod
הדלקת נרות,27/06/2025,19:32,27/06/2025,19:32,FALSE,,4,Ashdod
הבדלה,28/06/2025,20:33,28/06/2025,20:33,FALSE,,4,Ashdod
הדלקת נרות,04/07/2025,19:32,04/07/2025,19:32,FALSE,,4,Ashdod
הבדלה,05/07/2025,20:33,05/07/2025,20:33,FALSE,,4,Ashdod
הדלקת נרות,11/07/2025,19:31,11/07/2025,19:31,FALSE,,4,Ashdod
הבדלה,12/07/2025,20:31,12/07/2025,20:31,FALSE,,4,Ashdod
הדלקת נרות,18/07/2025,19:28,18/07/2025,19:28,FALSE,,4,Ashdod
הבדלה,19/07/2025,20:27,19/07/2025,20:27,FALSE,,4,Ashdod
הדלקת נרות,25/07/2025,19:24,25/07/2025,19:24,FALSE,,4,Ashdod
הבדלה,26/07/2025,20:22,26/07/2025,20:22,FALSE,,4,Ashdod
הדלקת נרות,01/08/2025,19:19,01/08/2025,19:19,FALSE,,4,Ashdod
תחילת הַצוֹם,02/08/2025,19:37,02/08/2025,19:37,FALSE,עֶרֶב תִּשְׁעָה בְּאָב,4,Ashdod
הבדלה,02/08/2025,20:17,02/08/2025,20:17,FALSE,,4,Ashdod
סִיּוּם הַצוֹם,03/08/2025,20:08,03/08/2025,20:08,FALSE,תִּשְׁעָה בְּאָב,4,Ashdod
הדלקת נרות,08/08/2025,19:13,08/08/2025,19:13,FALSE,,4,Ashdod
הבדלה,09/08/2025,20:10,09/08/2025,20:10,FALSE,,4,Ashdod
הדלקת נרות,15/08/2025,19:06,15/08/2025,19:06,FALSE,,4,Ashdod
הבדלה,16/08/2025,20:02,16/08/2025,20:02,FALSE,,4,Ashdod
הדלקת נרות,22/08/2025,18:59,22/08/2025,18:59,FALSE,,4,Ashdod
הבדלה,23/08/2025,19:54,23/08/2025,19:54,FALSE,,4,Ashdod
הדלקת נרות,29/08/2025,18:51,29/08/2025,18:51,FALSE,,4,Ashdod
הבדלה,30/08/2025,19:45,30/08/2025,19:45,FALSE,,4,Ashdod
הדלקת נרות,05/09/2025,18:42,05/09/2025,18:42,FALSE,,4,Ashdod
הבדלה,06/09/2025,19:36,06/09/2025,19:36,FALSE,,4,Ashdod
הדלקת נרות,12/09/2025,18:33,12/09/2025,18:33,FALSE,,4,Ashdod
הבדלה,13/09/2025,19:26,13/09/2025,19:26,FALSE,,4,Ashdod
הדלקת נרות,19/09/2025,18:23,19/09/2025,18:23,FALSE,,4,Ashdod
הבדלה,20/09/2025,19:17,20/09/2025,19:17,FALSE,,4,Ashdod
הדלקת נרות,26/09/2025,18:14,26/09/2025,18:14,FALSE,,4,Ashdod
הבדלה,27/09/2025,19:08,27/09/2025,19:08,FALSE,,4,Ashdod
הדלקת נרות,03/10/2025,18:05,03/10/2025,18:05,FALSE,,4,Ashdod
הבדלה,04/10/2025,18:59,04/10/2025,18:59,FALSE,,4,Ashdod
הדלקת נרות,10/10/2025,17:57,10/10/2025,17:57,FALSE,,4,Ashdod
הבדלה,11/10/2025,18:50,11/10/2025,18:50,FALSE,,4,Ashdod
הדלקת נרות,17/10/2025,17:48,17/10/2025,17:48,FALSE,,4,Ashdod
הבדלה,18/10/2025,18:42,18/10/2025,18:42,FALSE,,4,Ashdod
הדלקת נרות,24/10/2025,17:41,24/10/2025,17:41,FALSE,,4,Ashdod
הבדלה,25/10/2025,18:35,25/10/2025,18:35,FALSE,,4,Ashdod
הדלקת נרות,31/10/2025,16:34,31/10/2025,16:34,FALSE,,4,Ashdod
הבדלה,01/11/2025,17:29,01/11/2025,17:29,FALSE,,4,Ashdod
הדלקת נרות,07/11/2025,16:28,07/11/2025,16:28,FALSE,,4,Ashdod
הבדלה,08/11/2025,17:24,08/11/2025,17:24,FALSE,,4,Ashdod
הדלקת נרות,14/11/2025,16:24,14/11/2025,16:24,FALSE,,4,Ashdod
הבדלה,15/11/2025,17:20,15/11/2025,17:20,FALSE,,4,Ashdod
הדלקת נרות,21/11/2025,16:21,21/11/2025,16:21,FALSE,,4,Ashdod
הבדלה,22/11/2025,17:18,22/11/2025,17:18,FALSE,,4,Ashdod
הדלקת נרות,28/11/2025,16:19,28/11/2025,16:19,FALSE,,4,Ashdod
הבדלה,29/11/2025,17:16,29/11/2025,17:16,FALSE,,4,Ashdod
הדלקת נרות,05/12/2025,16:19,05/12/2025,16:19,FALSE,,4,Ashdod
הבדלה,06/12/2025,17:17,06/12/2025,17:17,FALSE,,4,Ashdod
הדלקת נרות,12/12/2025,16:20,12/12/2025,16:20,FALSE,,4,Ashdod
הבדלה,13/12/2025,17:18,13/12/2025,17:18,FALSE,,4,Ashdod
הדלקת נרות,19/12/2025,16:22,19/12/2025,16:22,FALSE,,4,Ashdod
הבדלה,20/12/2025,17:21,20/12/2025,17:21,FALSE,,4,Ashdod
הדלקת נרות,26/12/2025,16:26,26/12/2025,16:26,FALSE,,4,Ashdod
הבדלה,27/12/2025,17:25,27/12/2025,17:25,FALSE,,4,Ashdod
הדלקת נרות,02/01/2026,16:31,02/01/2026,16:31,FALSE,,4,Ashdod
הבדלה,03/01/2026,17:30,03/01/2026,17:30,FALSE,,4,Ashdod
הדלקת נרות,09/01/2026,16:36,09/01/2026,16:36,FALSE,,4,Ashdod
הבדלה,10/01/2026,17:35,10/01/2026,17:35,FALSE,,4,Ashdod
הדלקת נרות,16/01/2026,16:42,16/01/2026,16:42,FALSE,,4,Ashdod
הבדלה,17/01/2026,17:41,17/01/2026,17:41,FALSE,,4,Ashdod
הדלקת נרות,23/01/2026,16:49,23/01/2026,16:49,FALSE,,4,Ashdod
הבדלה,24/01/2026,17:47,24/01/2026,17:47,FALSE,,4,Ashdod
הדלקת נרות,30/01/2026,16:55,30/01/2026,16:55,FALSE,,4,Ashdod
הבדלה,31/01/2026,17:52,31/01/2026,17:52,FALSE,,4,Ashdod
הדלקת נרות,06/02/2026,17:02,06/02/2026,17:02,FALSE,,4,Ashdod
הבדלה,07/02/2026,17:58,07/02/2026,17:58,FALSE,,4,Ashdod
הדלקת נרות,13/02/2026,17:08,13/02/2026,17:08,FALSE,,4,Ashdod
הבדלה,14/02/2026,18:04,14/02/2026,18:04,FALSE,,4,Ashdod
הדלקת נרות,20/02/2026,17:14,20/02/2026,17:14,FALSE,,4,Ashdod
הבדלה,21/02/2026,18:09,21/02/2026,18:09,FALSE,,4,Ashdod
הדלקת נרות,27/02/2026,17:19,27/02/2026,17:19,FALSE,,4,Ashdod
הבדלה,28/02/2026,18:15,28/02/2026,18:15,FALSE,,4,Ashdod
הדלקת נרות,06/03/2026,17:24,06/03/2026,17:24,FALSE,,4,Ashdod
הבדלה,07/03/2026,18:20,07/03/2026,18:20,FALSE,,4,Ashdod
הדלקת נרות,13/03/2026,17:29,13/03/2026,17:29,FALSE,,4,Ashdod
הבדלה,14/03/2026,18:25,14/03/2026,18:25,FALSE,,4,Ashdod
הדלקת נרות,20/03/2026,17:34,20/03/2026,17:34,FALSE,,4,Ashdod
הבדלה,21/03/2026,18:30,21/03/2026,18:30,FALSE,,4,Ashdod
הדלקת נרות,27/03/2026,18:39,27/03/2026,18:39,FALSE,,4,Ashdod
הבדלה,28/03/2026,19:35,28/03/2026,19:35,FALSE,,4,Ashdod
הדלקת נרות,03/04/2026,18:44,03/04/2026,18:44,FALSE,,4,Ashdod
הבדלה,04/04/2026,19:40,04/04/2026,19:40,FALSE,,4,Ashdod
הדלקת נרות,10/04/2026,18:48,10/04/2026,18:48,FALSE,,4,Ashdod
הבדלה,11/04/2026,19:45,11/04/2026,19:45,FALSE,,4,Ashdod
הדלקת נרות,17/04/2026,18:53,17/04/2026,18:53,FALSE,,4,Ashdod
הבדלה,18/04/2026,19:50,18/04/2026,19:50,FALSE,,4,Ashdod
הדלקת נרות,24/04/2026,18:58,24/04/2026,18:58,FALSE,,4,Ashdod
הבדלה,25/04/2026,19:55,25/04/2026,19:55,FALSE,,4,Ashdod
הדלקת נרות,01/05/2026,19:03,01/05/2026,19:03,FALSE,,4,Ashdod
הבדלה,02/05/2026,20:01,02/05/2026,20:01,FALSE,,4,Ashdod
הדלקת נרות,08/05/2026,19:08,08/05/2026,19:08,FALSE,,4,Ashdod
הבדלה,09/05/2026,20:07,09/05/2026,20:07,FALSE,,4,Ashdod
הדלקת נרות,15/05/2026,19:13,15/05/2026,19:13,FALSE,,4,Ashdod
הבדלה,16/05/2026,20:12,16/05/2026,20:12,FALSE,,4,Ashdod
הדלקת נרות,22/05/2026,19:17,22/05/2026,19:17,FALSE,,4,Ashdod
הבדלה,23/05/2026,20:17,23/05/2026,20:17,FALSE,,4,Ashdod
הדלקת נרות,29/05/2026,19:22,29/05/2026,19:22,FALSE,,4,Ashdod
הבדלה,30/05/2026,20:22,30/05/2026,20:22,FALSE,,4,Ashdod
הדלקת נרות,05/06/2026,19:26,05/06/2026,19:26,FALSE,,4,Ashdod
הבדלה,06/06/2026,20:27,06/06/2026,20:27,FALSE,,4,Ashdod
הדלקת נרות,12/06/2026,19:29,12/06/2026,19:29,FALSE,,4,Ashdod
הבדלה,13/06/2026,20:30,13/06/2026,20:30,FALSE,,4,Ashdod
הדלקת נרות,19/06/2026,19:31,19/06/2026,19:31,FALSE,,4,Ashdod
הבדלה,20/06/2026,20:32,20/06/2026,20:32,FALSE,,4,Ashdod
הדלקת נרות,26/06/2026,19:32,26/06/2026,19:32,FALSE,,4,Ashdod
הבדלה,27/06/2026,20:33,27/06/2026,20:33,FALSE,,4,Ashdod
הדלקת נרות,03/07/2026,19:32,03/07/2026,19:32,FALSE,,4,Ashdod
הבדלה,04/07/2026,20:33,04/07/2026,20:33,FALSE,,4,Ashdod
הדלקת נרות,10/07/2026,19:31,10/07/2026,19:31,FALSE,,4,Ashdod
הבדלה,11/07/2026,20:31,11/07/2026,20:31,FALSE,,4,Ashdod
הדלקת נרות,17/07/2026,19:29,17/07/2026,19:29,FALSE,,4,Ashdod
הבדלה,18/07/2026,20:28,18/07/2026,20:28,FALSE,,4,Ashdod
תחילת הַצוֹם,22/07/2026,19:45,22/07/2026,19:45,FALSE,עֶרֶב תִּשְׁעָה בְּאָב,4,Ashdod
סִיּוּם הַצוֹם,23/07/2026,20:17,23/07/2026,20:17,FALSE,תִּשְׁעָה בְּאָב,4,Ashdod
הדלקת נרות,24/07/2026,19:25,24/07/2026,19:25,FALSE,,4,Ashdod
הבדלה,25/07/2026,20:23,25/07/2026,20:23,FALSE,,4,Ashdod
הדלקת נרות,31/07/2026,19:20,31/07/2026,19:20,FALSE,,4,Ashdod
הבדלה,01/08/2026,20:18,01/08/2026,20:18,FALSE,,4,Ashdod
הדלקת נרות,07/08/2026,19:15,07/08/2026,19:15,FALSE,,4,Ashdod
הבדלה,08/08/2026,20:11,08/08/2026,20:11,FALSE,,4,Ashdod
הדלקת נרות,14/08/2026,19:08,14/08/2026,19:08,FALSE,,4,Ashdod
הבדלה,15/08/2026,20:04,15/08/2026,20:04,FALSE,,4,Ashdod
הדלקת נרות,21/08/2026,19:00,21/08/2026,19:00,FALSE,,4,Ashdod
הבדלה,22/08/2026,19:55,22/08/2026,19:55,FALSE,,4,Ashdod
הדלקת נרות,28/08/2026,18:52,28/08/2026,18:52,FALSE,,4,Ashdod
הבדלה,29/08/2026,19:46,29/08/2026,19:46,FALSE,,4,Ashdod
הדלקת נרות,04/09/2026,18:43,04/09/2026,18:43,FALSE,,4,Ashdod
הבדלה,05/09/2026,19:37,05/09/2026,19:37,FALSE,,4,Ashdod
הדלקת נרות,11/09/2026,18:34,11/09/2026,18:34,FALSE,,4,Ashdod
הבדלה,12/09/2026,19:28,12/09/2026,19:28,FALSE,,4,Ashdod
הדלקת נרות,18/09/2026,18:25,18/09/2026,18:25,FALSE,,4,Ashdod
הבדלה,19/09/2026,19:18,19/09/2026,19:18,FALSE,,4,Ashdod
הדלקת נרות,25/09/2026,18:16,25/09/2026,18:16,FALSE,,4,Ashdod
הבדלה,26/09/2026,19:09,26/09/2026,19:09,FALSE,,4,Ashdod
הדלקת נרות,02/10/2026,18:07,02/10/2026,18:07,FALSE,,4,Ashdod
הבדלה,03/10/2026,19:00,03/10/2026,19:00,FALSE,,4,Ashdod
הדלקת נרות,09/10/2026,17:58,09/10/2026,17:58,FALSE,,4,Ashdod
הבדלה,10/10/2026,18:52,10/10/2026,18:52,FALSE,,4,Ashdod
הדלקת נרות,16/10/2026,17:50,16/10/2026,17:50,FALSE,,4,Ashdod
הבדלה,17/10/2026,18:44,17/10/2026,18:44,FALSE,,4,Ashdod
הדלקת נרות,23/10/2026,17:42,23/10/2026,17:42,FALSE,,4,Ashdod
הבדלה,24/10/2026,18:36,24/10/2026,18:36,FALSE,,4,Ashdod
הדלקת נרות,30/10/2026,16:35,30/10/2026,16:35,FALSE,,4,Ashdod
הבדלה,31/10/2026,17:30,31/10/2026,17:30,FALSE,,4,Ashdod
הדלקת נרות,06/11/2026,16:29,06/11/2026,16:29,FALSE,,4,Ashdod
הבדלה,07/11/2026,17:25,07/11/2026,17:25,FALSE,,4,Ashdod
הדלקת נרות,13/11/2026,16:25,13/11/2026,16:25,FALSE,,4,Ashdod
הבדלה,14/11/2026,17:21,14/11/2026,17:21,FALSE,,4,Ashdod
הדלקת נרות,20/11/2026,16:21,20/11/2026,16:21,FALSE,,4,Ashdod
הבדלה,21/11/2026,17:18,21/11/2026,17:18,FALSE,,4,Ashdod
הדלקת נרות,27/11/2026,16:19,27/11/2026,16:19,FALSE,,4,Ashdod
הבדלה,28/11/2026,17:17,28/11/2026,17:17,FALSE,,4,Ashdod
הדלקת נרות,04/12/2026,16:19,04/12/2026,16:19,FALSE,,4,Ashdod
הבדלה,05/12/2026,17:17,05/12/2026,17:17,FALSE,,4,Ashdod
הדלקת נרות,11/12/2026,16:20,11/12/2026,16:20,FALSE,,4,Ashdod
הבדלה,12/12/2026,17:18,12/12/2026,17:18,FALSE,,4,Ashdod
הדלקת נרות,18/12/2026,16:22,18/12/2026,16:22,FALSE,,4,Ashdod
הבדלה,19/12/2026,17:20,19/12/2026,17:20,FALSE,,4,Ashdod
הדלקת נרות,25/12/2026,16:25,25/12/2026,16:25,FALSE,,4,Ashdod
הבדלה,26/12/2026,17:24,26/12/2026,17:24,FALSE,,4,Ashdod
הדלקת נרות,01/01/2027,16:30,01/01/2027,16:30,FALSE,,4,Ashdod
הבדלה,02/01/2027,17:29,02/01/2027,17:29,FALSE,,4,Ashdod
הדלקת נרות,08/01/2027,16:35,08/01/2027,16:35,FALSE,,4,Ashdod
הבדלה,09/01/2027,17:34,09/01/2027,17:34,FALSE,,4,Ashdod
הדלקת נרות,15/01/2027,16:41,15/01/2027,16:41,FALSE,,4,Ashdod
הבדלה,16/01/2027,17:40,16/01/2027,17:40,FALSE,,4,Ashdod
הדלקת נרות,22/01/2027,16:48,22/01/2027,16:48,FALSE,,4,Ashdod
הבדלה,23/01/2027,17:45,23/01/2027,17:45,FALSE,,4,Ashdod
הדלקת נרות,29/01/2027,16:54,29/01/2027,16:54,FALSE,,4,Ashdod
הבדלה,30/01/2027,17:51,30/01/2027,17:51,FALSE,,4,Ashdod
הדלקת נרות,05/02/2027,17:00,05/02/2027,17:00,FALSE,,4,Ashdod
הבדלה,06/02/2027,17:57,06/02/2027,17:57,FALSE,,4,Ashdod
הדלקת נרות,12/02/2027,17:07,12/02/2027,17:07,FALSE,,4,Ashdod
הבדלה,13/02/2027,18:03,13/02/2027,18:03,FALSE,,4,Ashdod
הדלקת נרות,19/02/2027,17:13,19/02/2027,17:13,FALSE,,4,Ashdod
הבדלה,20/02/2027,18:09,20/02/2027,18:09,FALSE,,4,Ashdod
הדלקת נרות,26/02/2027,17:18,26/02/2027,17:18,FALSE,,4,Ashdod
הבדלה,27/02/2027,18:14,27/02/2027,18:14,FALSE,,4,Ashdod
הדלקת נרות,05/03/2027,17:23,05/03/2027,17:23,FALSE,,4,Ashdod
הבדלה,06/03/2027,18:19,06/03/2027,18:19,FALSE,,4,Ashdod
הדלקת נרות,12/03/2027,17:29,12/03/2027,17:29,FALSE,,4,Ashdod
הבדלה,13/03/2027,18:24,13/03/2027,18:24,FALSE,,4,Ashdod
הדלקת נרות,19/03/2027,17:33,19/03/2027,17:33,FALSE,,4,Ashdod
הבדלה,20/03/2027,18:29,20/03/2027,18:29,FALSE,,4,Ashdod
הדלקת נרות,26/03/2027,18:38,26/03/2027,18:38,FALSE,,4,Ashdod
הבדלה,27/03/2027,19:34,27/03/2027,19:34,FALSE,,4,Ashdod
הדלקת נרות,02/04/2027,18:43,02/04/2027,18:43,FALSE,,4,Ashdod
הבדלה,03/04/2027,19:39,03/04/2027,19:39,FALSE,,4,Ashdod
הדלקת נרות,09/04/2027,18:48,09/04/2027,18:48,FALSE,,4,Ashdod
הבדלה,10/04/2027,19:44,10/04/2027,19:44,FALSE,,4,Ashdod
הדלקת נרות,16/04/2027,18:52,16/04/2027,18:52,FALSE,,4,Ashdod
הבדלה,17/04/2027,19:49,17/04/2027,19:49,FALSE,,4,Ashdod
הדלקת נרות,23/04/2027,18:57,23/04/2027,18:57,FALSE,,4,Ashdod
הבדלה,24/04/2027,19:54,24/04/2027,19:54,FALSE,,4,Ashdod
הדלקת נרות,30/04/2027,19:02,30/04/2027,19:02,FALSE,,4,Ashdod
הבדלה,01/05/2027,20:00,01/05/2027,20:00,FALSE,,4,Ashdod
הדלקת נרות,07/05/2027,19:07,07/05/2027,19:07,FALSE,,4,Ashdod
הבדלה,08/05/2027,20:06,08/05/2027,20:06,FALSE,,4,Ashdod
הדלקת נרות,14/05/2027,19:12,14/05/2027,19:12,FALSE,,4,Ashdod
הבדלה,15/05/2027,20:11,15/05/2027,20:11,FALSE,,4,Ashdod
הדלקת נרות,21/05/2027,19:17,21/05/2027,19:17,FALSE,,4,Ashdod
הבדלה,22/05/2027,20:17,22/05/2027,20:17,FALSE,,4,Ashdod
הדלקת נרות,28/05/2027,19:21,28/05/2027,19:21,FALSE,,4,Ashdod
הבדלה,29/05/2027,20:22,29/05/2027,20:22,FALSE,,4,Ashdod
הדלקת נרות,04/06/2027,19:25,04/06/2027,19:25,FALSE,,4,Ashdod
הבדלה,05/06/2027,20:26,05/06/2027,20:26,FALSE,,4,Ashdod
הדלקת נרות,11/06/2027,19:28,11/06/2027,19:28,FALSE,,4,Ashdod
הבדלה,12/06/2027,20:29,12/06/2027,20:29,FALSE,,4,Ashdod
הדלקת נרות,18/06/2027,19:31,18/06/2027,19:31,FALSE,,4,Ashdod
הבדלה,19/06/2027,20:32,19/06/2027,20:32,FALSE,,4,Ashdod
הדלקת נרות,25/06/2027,19:32,25/06/2027,19:32,FALSE,,4,Ashdod
הבדלה,26/06/2027,20:33,26/06/2027,20:33,FALSE,,4,Ashdod
הדלקת נרות,02/07/2027,19:32,02/07/2027,19:32,FALSE,,4,Ashdod
הבדלה,03/07/2027,20:33,03/07/2027,20:33,FALSE,,4,Ashdod
הדלקת נרות,09/07/2027,19:32,09/07/2027,19:32,FALSE,,4,Ashdod
הבדלה,10/07/2027,20:31,10/07/2027,20:31,FALSE,,4,Ashdod
הדלקת נרות,16/07/2027,19:29,16/07/2027,19:29,FALSE,,4,Ashdod
הבדלה,17/07/2027,20:28,17/07/2027,20:28,FALSE,,4,Ashdod
הדלקת נרות,23/07/2027,19:26,23/07/2027,19:26,FALSE,,4,Ashdod
הבדלה,24/07/2027,20:24,24/07/2027,20:24,FALSE,,4,Ashdod
הדלקת נרות,30/07/2027,19:21,30/07/2027,19:21,FALSE,,4,Ashdod
הבדלה,31/07/2027,20:19,31/07/2027,20:19,FALSE,,4,Ashdod
הדלקת נרות,06/08/2027,19:16,06/08/2027,19:16,FALSE,,4,Ashdod
הבדלה,07/08/2027,20:12,07/08/2027,20:12,FALSE,,4,Ashdod
תחילת הַצוֹם,11/08/2027,19:30,11/08/2027,19:30,FALSE,עֶרֶב תִּשְׁעָה בְּאָב,4,Ashdod
סִיּוּם הַצוֹם,12/08/2027,20:00,12/08/2027,20:00,FALSE,תִּשְׁעָה בְּאָב,4,Ashdod
הדלקת נרות,13/08/2027,19:09,13/08/2027,19:09,FALSE,,4,Ashdod
הבדלה,14/08/2027,20:05,14/08/2027,20:05,FALSE,,4,Ashdod
הדלקת נרות,20/08/2027,19:02,20/08/2027,19:02,FALSE,,4,Ashdod
הבדלה,21/08/2027,19:57,21/08/2027,19:57,FALSE,,4,Ashdod
הדלקת נרות,27/08/2027,18:54,27/08/2027,18:54,FALSE,,4,Ashdod
הבדלה,28/08/2027,19:48,28/08/2027,19:48,FALSE,,4,Ashdod
הדלקת נרות,03/09/2027,18:45,03/09/2027,18:45,FALSE,,4,Ashdod
הבדלה,04/09/2027,19:39,04/09/2027,19:39,FALSE,,4,Ashdod
הדלקת נרות,10/09/2027,18:36,10/09/2027,18:36,FALSE,,4,Ashdod
הבדלה,11/09/2027,19:30,11/09/2027,19:30,FALSE,,4,Ashdod
הדלקת נרות,17/09/2027,18:27,17/09/2027,18:27,FALSE,,4,Ashdod
הבדלה,18/09/2027,19:20,18/09/2027,19:20,FALSE,,4,Ashdod
הדלקת נרות,24/09/2027,18:18,24/09/2027,18:18,FALSE,,4,Ashdod
הבדלה,25/09/2027,19:11,25/09/2027,19:11,FALSE,,4,Ashdod
הדלקת נרות,01/10/2027,18:08,01/10/2027,18:08,FALSE,,4,Ashdod
הבדלה,02/10/2027,19:02,02/10/2027,19:02,FALSE,,4,Ashdod
הדלקת נרות,08/10/2027,18:00,08/10/2027,18:00,FALSE,,4,Ashdod
הבדלה,09/10/2027,18:53,09/10/2027,18:53,FALSE,,4,Ashdod
הדלקת נרות,15/10/2027,17:51,15/10/2027,17:51,FALSE,,4,Ashdod
הבדלה,16/10/2027,18:45,16/10/2027,18:45,FALSE,,4,Ashdod
הדלקת נרות,22/10/2027,17:43,22/10/2027,17:43,FALSE,,4,Ashdod
הבדלה,23/10/2027,18:38,23/10/2027,18:38,FALSE,,4,Ashdod
הדלקת נרות,29/10/2027,17:36,29/10/2027,17:36,FALSE,,4,Ashdod
הבדלה,30/10/2027,18:31,30/10/2027,18:31,FALSE,,4,Ashdod
הדלקת נרות,05/11/2027,16:30,05/11/2027,16:30,FALSE,,4,Ashdod
הבדלה,06/11/2027,17:26,06/11/2027,17:26,FALSE,,4,Ashdod
הדלקת נרות,12/11/2027,16:25,12/11/2027,16:25,FALSE,,4,Ashdod
הבדלה,13/11/2027,17:21,13/11/2027,17:21,FALSE,,4,Ashdod
הדלקת נרות,19/11/2027,16:22,19/11/2027,16:22,FALSE,,4,Ashdod
הבדלה,20/11/2027,17:18,20/11/2027,17:18,FALSE,,4,Ashdod
הדלקת נרות,26/11/2027,16:19,26/11/2027,16:19,FALSE,,4,Ashdod
הבדלה,27/11/2027,17:17,27/11/2027,17:17,FALSE,,4,Ashdod
הדלקת נרות,03/12/2027,16:19,03/12/2027,16:19,FALSE,,4,Ashdod
הבדלה,04/12/2027,17:16,04/12/2027,17:16,FALSE,,4,Ashdod
הדלקת נרות,10/12/2027,16:19,10/12/2027,16:19,FALSE,,4,Ashdod
הבדלה,11/12/2027,17:18,11/12/2027,17:18,FALSE,,4,Ashdod
הדלקת נרות,17/12/2027,16:21,17/12/2027,16:21,FALSE,,4,Ashdod
הבדלה,18/12/2027,17:20,18/12/2027,17:20,FALSE,,4,Ashdod
הדלקת נרות,24/12/2027,16:25,24/12/2027,16:25,FALSE,,4,Ashdod
הבדלה,25/12/2027,17:23,25/12/2027,17:23,FALSE,,4,Ashdod
הדלקת נרות,31/12/2027,16:29,31/12/2027,16:29,FALSE,,4,Ashdod
